PRAGMA foreign_keys=OFF;
BEGIN TRANSACTION;
CREATE TABLE mail(mail_id INTEGER PRIMARY KEY, sender_id INTEGER NOT NULL, receiver_id INTEGER NOT NULL, mail_subject TEXT, mail_body TEXT,  mail_date TEXT NOT NULL,mail_seen INTEGER DEFAULT 0 CHECK(mail_seen == 0 OR mail_seen == 1), sender_trashed INTEGER DEFAULT 0 CHECK(sender_trashed == 0 OR sender_trashed == 1), receiver_trashed INTEGER DEFAULT 0 CHECK(receiver_trashed == 0 OR receiver_trashed == 1), multiple_receivers INTEGER DEFAULT 0 CHECK(multiple_receivers == 0 OR multiple_receivers == 1), FOREIGN KEY(sender_id, receiver_id) REFERENCES user(user_id, user_id));
INSERT INTO mail VALUES(1,2,1,'VP meeting',replace(replace('Hey Reda I hope you are in a good form.\r\nI wanted to  remind you that there is a meeting tommorrow.','\r',char(13)),'\n',char(10)),'2020-09-21 06:57:20.756167',1,1,1,0);
INSERT INTO mail VALUES(2,2,1,'','see this file please.','2020-09-21 07:13:11.129603',1,0,0,0);
INSERT INTO mail VALUES(3,1,4,'Urgent Subject','I just wanted to inform you that you have a urgent meeting with the VP at 9:00 am tomorrow.','2020-09-22 18:12:25.882179',1,0,0,0);
INSERT INTO mail VALUES(4,1,1,'inbox color test','inbox color must change to red.','2020-09-22 18:19:34.391392',1,0,0,0);
INSERT INTO mail VALUES(5,1,3,'SUBJECT MEDHAT',replace(replace('1           Reda        reda@gmail.com  $2b$12$LjFCMwMFhMMU/pDrsD1BneT0JALhadvIm/ONu74Jow6sAD87hkxuK\r\n2           Safaa       safaa@gmail.co  $2b$12$5wO320yp5i9J50Q.ZOgNdu0qTZCWN1VcH1rZPJFM1AwQTKXiCqftm\r\n3           Medhat      medhat@gmail.c  $2b$12$o5fTzotncuVfqOJT94hnJ.iS7VrGUS8QNY8xYY8Yr4OKTfXl8QsAe\r\n4           Mohamed     mohamed@gmail.  $2b$12$3HOxvwpi6la8FrFkZbWbU.dxQRjH/GruACJJqsKqO5ycJCm.mDie.\r\n5           Ahmed       ahmed@gmail.co  $2b$12$qet99laeD5qwoiQVauZQuuqDOc3IEzwwT4BQB6wPRn9YBV2kxmARa\r\n6           Youssef     youssef@gmail.  $2b$12$K2UTTx3HR/cSZl/3lERx9eRrad9E2eek40kz/0GrWxdhI.34MmT4e\r\n8           Medhat      medhat@gmail.c  $2b$12$zZtENOd6FaTq9S4qFSXZD.J8G8sl2iDZtB.cesKbtz26VOtwcU35W','\r',char(13)),'\n',char(10)),'2020-09-22 18:26:37.716767',0,0,0,0);
INSERT INTO mail VALUES(6,7,1,'ezay 7drtk','keshda fsh5','2020-09-23 07:49:24.035270',1,0,0,0);
INSERT INTO mail VALUES(7,1,1,'color test','This is the body of the message','2020-09-25 11:10:22.314567',1,0,0,0);
INSERT INTO mail VALUES(8,1,1,'pdf viewer','hey','2020-09-26 09:20:09.907886',1,0,0,0);
INSERT INTO mail VALUES(9,1,0,'yy','jj','2020-09-30 12:16:29.836484',0,0,0,0);
INSERT INTO mail VALUES(10,1,0,'test2','gfjtrgjkrty6','2020-09-30 12:20:18.316078',0,0,0,0);
INSERT INTO mail VALUES(11,1,1,'Welcome Mail',replace(replace('Hi, \r\nT hope you are in a good health, I just wanted to inform you that there is a meeting tommorrow with the VP of the company to disscuss your new roles in the company.','\r',char(13)),'\n',char(10)),'2020-09-30 16:37:21.849633',1,0,0,0);
INSERT INTO mail VALUES(12,1,4,'Welcome Mail',replace(replace('Hi, \r\nT hope you are in a good health, I just wanted to inform you that there is a meeting tommorrow with the VP of the company to disscuss your new roles in the company.','\r',char(13)),'\n',char(10)),'2020-09-30 16:37:21.849633',0,0,0,0);
INSERT INTO mail VALUES(13,1,7,'Welcome Mail',replace(replace('Hi, \r\nT hope you are in a good health, I just wanted to inform you that there is a meeting tommorrow with the VP of the company to disscuss your new roles in the company.','\r',char(13)),'\n',char(10)),'2020-09-30 16:37:21.849633',0,0,0,0);
INSERT INTO mail VALUES(14,1,1,'Sending with Attachments','I hope the attachments is sent.','2020-09-30 16:48:34.690402',1,0,0,0);
INSERT INTO mail VALUES(15,1,2,'Sending with Attachments','I hope the attachments is sent.','2020-09-30 16:48:34.690402',1,0,0,0);
INSERT INTO mail VALUES(16,1,3,'Sending with Attachments','I hope the attachments is sent.','2020-09-30 16:48:34.690402',0,0,0,0);
INSERT INTO mail VALUES(17,1,4,'Sending with Attachments','I hope the attachments is sent.','2020-09-30 16:48:34.690402',0,0,0,0);
INSERT INTO mail VALUES(18,1,5,'Sending with Attachments','I hope the attachments is sent.','2020-09-30 16:48:34.690402',0,0,0,0);
INSERT INTO mail VALUES(19,1,6,'Sending with Attachments','I hope the attachments is sent.','2020-09-30 16:48:34.690402',0,0,0,0);
INSERT INTO mail VALUES(20,1,7,'Sending with Attachments','I hope the attachments is sent.','2020-09-30 16:48:34.690402',0,0,0,0);
INSERT INTO mail VALUES(21,1,1,'attach','','2020-09-30 16:53:25.964702',1,0,0,0);
INSERT INTO mail VALUES(22,1,1,'Excel Attach','','2020-09-30 16:55:00.522511',1,0,0,0);
INSERT INTO mail VALUES(23,1,8,'Welcome Message',replace(replace('Hey Abdelrahman,\r\nThis E-mail is just for saying hi.','\r',char(13)),'\n',char(10)),'2020-10-01 07:13:02.231478',1,0,0,0);
INSERT INTO mail VALUES(24,8,8,'Hi All','This Message is for every one in the company.','2020-10-01 07:21:37.286888',1,0,0,0);
INSERT INTO mail VALUES(25,8,1,'Hi All','This Message is for every one in the company.','2020-10-01 07:21:37.286888',1,0,0,0);
INSERT INTO mail VALUES(26,8,2,'Hi All','This Message is for every one in the company.','2020-10-01 07:21:37.286888',1,0,0,0);
INSERT INTO mail VALUES(27,8,3,'Hi All','This Message is for every one in the company.','2020-10-01 07:21:37.286888',1,0,0,0);
INSERT INTO mail VALUES(28,8,4,'Hi All','This Message is for every one in the company.','2020-10-01 07:21:37.286888',1,0,0,0);
INSERT INTO mail VALUES(29,8,5,'Hi All','This Message is for every one in the company.','2020-10-01 07:21:37.286888',1,0,0,0);
INSERT INTO mail VALUES(30,8,6,'Hi All','This Message is for every one in the company.','2020-10-01 07:21:37.286888',1,0,0,0);
INSERT INTO mail VALUES(31,8,7,'Hi All','This Message is for every one in the company.','2020-10-01 07:21:37.286888',1,0,0,0);
INSERT INTO mail VALUES(32,8,8,'Hi All','This Message is for every one in the company.','2020-10-01 07:21:37.286888',0,1,1,0);
INSERT INTO mail VALUES(33,8,1,'See Attachments','I hope it works.','2020-10-02 09:21:17.654389',1,0,0,0);
INSERT INTO mail VALUES(34,8,2,'See Attachments','I hope it works.','2020-10-02 09:21:17.654389',0,0,0,0);
INSERT INTO mail VALUES(35,8,3,'See Attachments','I hope it works.','2020-10-02 09:21:17.654389',0,0,0,0);
INSERT INTO mail VALUES(36,8,4,'See Attachments','I hope it works.','2020-10-02 09:21:17.654389',0,0,0,0);
INSERT INTO mail VALUES(37,8,5,'See Attachments','I hope it works.','2020-10-02 09:21:17.654389',0,0,0,0);
INSERT INTO mail VALUES(38,8,6,'See Attachments','I hope it works.','2020-10-02 09:21:17.654389',0,0,0,0);
INSERT INTO mail VALUES(39,8,7,'See Attachments','I hope it works.','2020-10-02 09:21:17.654389',0,0,0,0);
INSERT INTO mail VALUES(40,8,8,'See Attachments','I hope it works.','2020-10-02 09:21:17.654389',0,0,0,0);
INSERT INTO mail VALUES(41,8,1,'I hope it Works','I hope it works.','2020-10-02 09:25:04.295890',1,0,0,0);
INSERT INTO mail VALUES(42,8,2,'I hope it Works','I hope it works.','2020-10-02 09:25:04.295890',0,0,0,0);
INSERT INTO mail VALUES(43,8,3,'I hope it Works','I hope it works.','2020-10-02 09:25:04.295890',0,0,0,0);
INSERT INTO mail VALUES(44,8,4,'I hope it Works','I hope it works.','2020-10-02 09:25:04.295890',0,0,0,0);
INSERT INTO mail VALUES(45,8,5,'I hope it Works','I hope it works.','2020-10-02 09:25:04.295890',0,0,0,0);
INSERT INTO mail VALUES(46,8,6,'I hope it Works','I hope it works.','2020-10-02 09:25:04.295890',0,0,0,0);
INSERT INTO mail VALUES(47,8,7,'I hope it Works','I hope it works.','2020-10-02 09:25:04.295890',0,0,0,0);
INSERT INTO mail VALUES(48,8,8,'I hope it Works','I hope it works.','2020-10-02 09:25:04.295890',0,0,0,0);
INSERT INTO mail VALUES(49,8,1,'Subject','I hope it works.','2020-10-02 09:27:01.815741',1,0,0,0);
INSERT INTO mail VALUES(50,8,2,'Subject','I hope it works.','2020-10-02 09:27:01.815741',0,0,0,0);
INSERT INTO mail VALUES(51,8,3,'Subject','I hope it works.','2020-10-02 09:27:01.815741',0,0,0,0);
INSERT INTO mail VALUES(52,8,4,'Subject','I hope it works.','2020-10-02 09:27:01.815741',0,0,0,0);
INSERT INTO mail VALUES(53,8,5,'Subject','I hope it works.','2020-10-02 09:27:01.815741',0,0,0,0);
INSERT INTO mail VALUES(54,8,6,'Subject','I hope it works.','2020-10-02 09:27:01.815741',0,0,0,0);
INSERT INTO mail VALUES(55,8,7,'Subject','I hope it works.','2020-10-02 09:27:01.815741',0,0,0,0);
INSERT INTO mail VALUES(56,8,8,'Subject','I hope it works.','2020-10-02 09:27:01.815741',0,0,0,0);
INSERT INTO mail VALUES(57,8,1,'Subject','I hope it works.','2020-10-02 09:32:43.729982',1,0,0,0);
INSERT INTO mail VALUES(58,8,2,'Subject','I hope it works.','2020-10-02 09:32:43.729982',0,0,0,0);
INSERT INTO mail VALUES(59,8,3,'Subject','I hope it works.','2020-10-02 09:32:43.729982',0,0,0,0);
INSERT INTO mail VALUES(60,8,4,'Subject','I hope it works.','2020-10-02 09:32:43.729982',0,0,0,0);
INSERT INTO mail VALUES(61,8,5,'Subject','I hope it works.','2020-10-02 09:32:43.729982',0,0,0,0);
INSERT INTO mail VALUES(62,8,6,'Subject','I hope it works.','2020-10-02 09:32:43.729982',0,0,0,0);
INSERT INTO mail VALUES(63,8,7,'Subject','I hope it works.','2020-10-02 09:32:43.729982',0,0,0,0);
INSERT INTO mail VALUES(64,8,8,'Subject','I hope it works.','2020-10-02 09:32:43.729982',0,0,0,0);
INSERT INTO mail VALUES(65,8,1,'Another Subject','I hope it works.','2020-10-02 09:33:30.245041',1,0,0,0);
INSERT INTO mail VALUES(66,8,2,'Another Subject','I hope it works.','2020-10-02 09:33:30.245041',0,0,0,0);
INSERT INTO mail VALUES(67,8,3,'Another Subject','I hope it works.','2020-10-02 09:33:30.245041',0,0,0,0);
INSERT INTO mail VALUES(68,8,4,'Another Subject','I hope it works.','2020-10-02 09:33:30.245041',0,0,0,0);
INSERT INTO mail VALUES(69,8,5,'Another Subject','I hope it works.','2020-10-02 09:33:30.245041',0,0,0,0);
INSERT INTO mail VALUES(70,8,6,'Another Subject','I hope it works.','2020-10-02 09:33:30.245041',0,0,0,0);
INSERT INTO mail VALUES(71,8,7,'Another Subject','I hope it works.','2020-10-02 09:33:30.245041',0,0,0,0);
INSERT INTO mail VALUES(72,8,8,'Another Subject','I hope it works.','2020-10-02 09:33:30.245041',0,0,0,0);
INSERT INTO mail VALUES(73,8,1,'Subject','I hope it works.','2020-10-02 09:36:49.754364',1,0,0,0);
INSERT INTO mail VALUES(74,8,2,'Subject','I hope it works.','2020-10-02 09:36:49.754364',0,0,0,0);
INSERT INTO mail VALUES(75,8,3,'Subject','I hope it works.','2020-10-02 09:36:49.754364',0,0,0,0);
INSERT INTO mail VALUES(76,8,4,'Subject','I hope it works.','2020-10-02 09:36:49.754364',0,0,0,0);
INSERT INTO mail VALUES(77,8,5,'Subject','I hope it works.','2020-10-02 09:36:49.754364',0,0,0,0);
INSERT INTO mail VALUES(78,8,6,'Subject','I hope it works.','2020-10-02 09:36:49.754364',0,0,0,0);
INSERT INTO mail VALUES(79,8,7,'Subject','I hope it works.','2020-10-02 09:36:49.754364',0,0,0,0);
INSERT INTO mail VALUES(80,8,8,'Subject','I hope it works.','2020-10-02 09:36:49.754364',0,0,0,0);
INSERT INTO mail VALUES(81,8,1,'Subject again','I hope it works.','2020-10-02 09:37:26.779114',1,0,0,0);
INSERT INTO mail VALUES(82,8,2,'Subject again','I hope it works.','2020-10-02 09:37:26.779114',0,0,0,0);
INSERT INTO mail VALUES(83,8,3,'Subject again','I hope it works.','2020-10-02 09:37:26.779114',0,0,0,0);
INSERT INTO mail VALUES(84,8,4,'Subject again','I hope it works.','2020-10-02 09:37:26.779114',0,0,0,0);
INSERT INTO mail VALUES(85,8,5,'Subject again','I hope it works.','2020-10-02 09:37:26.779114',0,0,0,0);
INSERT INTO mail VALUES(86,8,6,'Subject again','I hope it works.','2020-10-02 09:37:26.779114',0,0,0,0);
INSERT INTO mail VALUES(87,8,7,'Subject again','I hope it works.','2020-10-02 09:37:26.779114',0,0,0,0);
INSERT INTO mail VALUES(88,8,8,'Subject again','I hope it works.','2020-10-02 09:37:26.779114',0,0,0,0);
INSERT INTO mail VALUES(89,8,1,'Subject','I hope it works.','2020-10-02 09:37:57.358362',1,0,0,0);
INSERT INTO mail VALUES(90,8,2,'Subject','I hope it works.','2020-10-02 09:37:57.358362',0,0,0,0);
INSERT INTO mail VALUES(91,8,3,'Subject','I hope it works.','2020-10-02 09:37:57.358362',0,0,0,0);
INSERT INTO mail VALUES(92,8,4,'Subject','I hope it works.','2020-10-02 09:37:57.358362',0,0,0,0);
INSERT INTO mail VALUES(93,8,5,'Subject','I hope it works.','2020-10-02 09:37:57.358362',0,0,0,0);
INSERT INTO mail VALUES(94,8,6,'Subject','I hope it works.','2020-10-02 09:37:57.358362',0,0,0,0);
INSERT INTO mail VALUES(95,8,7,'Subject','I hope it works.','2020-10-02 09:37:57.358362',0,0,0,0);
INSERT INTO mail VALUES(96,8,8,'Subject','I hope it works.','2020-10-02 09:37:57.358362',0,0,0,0);
INSERT INTO mail VALUES(97,1,8,'Subject Here','Message Body','2020-10-02 12:50:57.283224',0,0,0,0);
INSERT INTO mail VALUES(98,1,6,'Subject Here','Message Body','2020-10-02 12:50:57.283224',0,0,0,0);
INSERT INTO mail VALUES(99,1,4,'Subject Here','Message Body','2020-10-02 12:50:57.283224',0,0,0,0);
INSERT INTO mail VALUES(100,1,2,'Subject Here','Message Body','2020-10-02 12:50:57.283224',0,0,0,0);
INSERT INTO mail VALUES(101,1,1,'Subject','Message of Mail','2020-10-02 12:57:25.702488',1,0,0,0);
INSERT INTO mail VALUES(102,1,2,'Subject','Message of Mail','2020-10-02 12:57:25.702488',0,0,0,0);
INSERT INTO mail VALUES(103,1,3,'Subject','Message of Mail','2020-10-02 12:57:25.702488',0,0,0,0);
INSERT INTO mail VALUES(104,1,4,'Subject','Message of Mail','2020-10-02 12:57:25.702488',0,0,0,0);
INSERT INTO mail VALUES(105,1,5,'Subject','Message of Mail','2020-10-02 12:57:25.702488',0,0,0,0);
INSERT INTO mail VALUES(106,1,6,'Subject','Message of Mail','2020-10-02 12:57:25.702488',0,0,0,0);
INSERT INTO mail VALUES(107,1,7,'Subject','Message of Mail','2020-10-02 12:57:25.702488',0,0,0,0);
INSERT INTO mail VALUES(108,1,8,'Subject','Message of Mail','2020-10-02 12:57:25.702488',0,0,0,0);
INSERT INTO mail VALUES(109,1,1,'Subject','Message of Mail','2020-10-02 13:40:37.739032',1,0,0,0);
INSERT INTO mail VALUES(110,1,2,'Subject','Message of Mail','2020-10-02 13:40:37.739032',0,0,0,0);
INSERT INTO mail VALUES(111,1,3,'Subject','Message of Mail','2020-10-02 13:40:37.739032',0,0,0,0);
INSERT INTO mail VALUES(112,1,4,'Subject','Message of Mail','2020-10-02 13:40:37.739032',0,0,0,0);
INSERT INTO mail VALUES(113,1,5,'Subject','Message of Mail','2020-10-02 13:40:37.739032',0,0,0,0);
INSERT INTO mail VALUES(114,1,6,'Subject','Message of Mail','2020-10-02 13:40:37.739032',0,0,0,0);
INSERT INTO mail VALUES(115,1,7,'Subject','Message of Mail','2020-10-02 13:40:37.739032',0,0,0,0);
INSERT INTO mail VALUES(116,1,8,'Subject','Message of Mail','2020-10-02 13:40:37.739032',0,0,0,0);
INSERT INTO mail VALUES(117,1,1,'subject','Message of Mail','2020-10-02 13:41:43.295829',1,0,0,0);
INSERT INTO mail VALUES(118,1,2,'subject','Message of Mail','2020-10-02 13:41:43.295829',0,0,0,0);
INSERT INTO mail VALUES(119,1,3,'subject','Message of Mail','2020-10-02 13:41:43.295829',0,0,0,0);
INSERT INTO mail VALUES(120,1,4,'subject','Message of Mail','2020-10-02 13:41:43.295829',0,0,0,0);
INSERT INTO mail VALUES(121,1,5,'subject','Message of Mail','2020-10-02 13:41:43.295829',0,0,0,0);
INSERT INTO mail VALUES(122,1,6,'subject','Message of Mail','2020-10-02 13:41:43.295829',0,0,0,0);
INSERT INTO mail VALUES(123,1,7,'subject','Message of Mail','2020-10-02 13:41:43.295829',0,0,0,0);
INSERT INTO mail VALUES(124,1,8,'subject','Message of Mail','2020-10-02 13:41:43.295829',0,0,0,0);
INSERT INTO mail VALUES(125,1,1,'Subject','Message of Mail','2020-10-02 13:46:05.673662',1,0,0,0);
INSERT INTO mail VALUES(126,1,2,'Subject','Message of Mail','2020-10-02 13:46:05.673662',0,0,0,0);
INSERT INTO mail VALUES(127,1,3,'Subject','Message of Mail','2020-10-02 13:46:05.673662',0,0,0,0);
INSERT INTO mail VALUES(128,1,4,'Subject','Message of Mail','2020-10-02 13:46:05.673662',0,0,0,0);
INSERT INTO mail VALUES(129,1,5,'Subject','Message of Mail','2020-10-02 13:46:05.673662',0,0,0,0);
INSERT INTO mail VALUES(130,1,6,'Subject','Message of Mail','2020-10-02 13:46:05.673662',0,0,0,0);
INSERT INTO mail VALUES(131,1,7,'Subject','Message of Mail','2020-10-02 13:46:05.673662',0,0,0,0);
INSERT INTO mail VALUES(132,1,8,'Subject','Message of Mail','2020-10-02 13:46:05.673662',0,0,0,0);
INSERT INTO mail VALUES(133,1,1,'Subject','Message of Mail','2020-10-02 13:48:12.916260',1,0,0,0);
INSERT INTO mail VALUES(134,1,2,'Subject','Message of Mail','2020-10-02 13:48:12.916260',0,0,0,0);
INSERT INTO mail VALUES(135,1,3,'Subject','Message of Mail','2020-10-02 13:48:12.916260',0,0,0,0);
INSERT INTO mail VALUES(136,1,4,'Subject','Message of Mail','2020-10-02 13:48:12.916260',0,0,0,0);
INSERT INTO mail VALUES(137,1,5,'Subject','Message of Mail','2020-10-02 13:48:12.916260',0,0,0,0);
INSERT INTO mail VALUES(138,1,6,'Subject','Message of Mail','2020-10-02 13:48:12.916260',0,0,0,0);
INSERT INTO mail VALUES(139,1,7,'Subject','Message of Mail','2020-10-02 13:48:12.916260',0,0,0,0);
INSERT INTO mail VALUES(140,1,8,'Subject','Message of Mail','2020-10-02 13:48:12.916260',0,0,0,0);
INSERT INTO mail VALUES(141,1,8,'Subject','Message Body','2020-10-02 13:51:29.966502',0,0,0,0);
INSERT INTO mail VALUES(142,1,6,'Subject','Message Body','2020-10-02 13:51:29.966502',0,0,0,0);
INSERT INTO mail VALUES(143,1,4,'Subject','Message Body','2020-10-02 13:51:29.966502',0,0,0,0);
INSERT INTO mail VALUES(144,1,2,'Subject','Message Body','2020-10-02 13:51:29.966502',0,0,0,0);
INSERT INTO mail VALUES(145,1,8,'Subject','Message Body','2020-10-02 13:54:10.289250',0,0,0,0);
INSERT INTO mail VALUES(146,1,6,'Subject','Message Body','2020-10-02 13:54:10.289250',0,0,0,0);
INSERT INTO mail VALUES(147,1,4,'Subject','Message Body','2020-10-02 13:54:10.289250',0,0,0,0);
INSERT INTO mail VALUES(148,1,2,'Subject','Message Body','2020-10-02 13:54:10.289250',0,0,0,0);
INSERT INTO mail VALUES(149,1,1,'I hope it Worked','timbaland','2020-10-02 13:55:55.188520',1,0,0,0);
INSERT INTO mail VALUES(150,1,2,'I hope it Worked','timbaland','2020-10-02 13:55:55.188520',0,0,0,0);
INSERT INTO mail VALUES(151,1,3,'I hope it Worked','timbaland','2020-10-02 13:55:55.188520',0,0,0,0);
INSERT INTO mail VALUES(152,1,4,'I hope it Worked','timbaland','2020-10-02 13:55:55.188520',0,0,0,0);
INSERT INTO mail VALUES(153,1,5,'I hope it Worked','timbaland','2020-10-02 13:55:55.188520',0,0,0,0);
INSERT INTO mail VALUES(154,1,6,'I hope it Worked','timbaland','2020-10-02 13:55:55.188520',0,0,0,0);
INSERT INTO mail VALUES(155,1,7,'I hope it Worked','timbaland','2020-10-02 13:55:55.188520',0,0,0,0);
INSERT INTO mail VALUES(156,1,8,'I hope it Worked','timbaland','2020-10-02 13:55:55.188520',0,0,0,0);
INSERT INTO mail VALUES(157,1,1,'excel','ko','2020-10-02 15:15:44.419792',1,0,0,0);
INSERT INTO mail VALUES(158,1,2,'excel','ko','2020-10-02 15:15:44.419792',0,0,0,0);
INSERT INTO mail VALUES(159,1,3,'excel','ko','2020-10-02 15:15:44.419792',0,0,0,0);
INSERT INTO mail VALUES(160,1,4,'excel','ko','2020-10-02 15:15:44.419792',0,0,0,0);
INSERT INTO mail VALUES(161,1,5,'excel','ko','2020-10-02 15:15:44.419792',0,0,0,0);
INSERT INTO mail VALUES(162,1,6,'excel','ko','2020-10-02 15:15:44.419792',1,0,0,0);
INSERT INTO mail VALUES(163,1,7,'excel','ko','2020-10-02 15:15:44.419792',0,0,0,0);
INSERT INTO mail VALUES(164,1,8,'excel','ko','2020-10-02 15:15:44.419792',1,0,0,0);
INSERT INTO mail VALUES(165,1,1,'Seeing all attach','See All Attachments','2020-10-02 20:13:55.409633',1,0,0,0);
INSERT INTO mail VALUES(166,1,2,'Seeing all attach','See All Attachments','2020-10-02 20:13:55.409633',1,0,0,0);
INSERT INTO mail VALUES(167,1,3,'Seeing all attach','See All Attachments','2020-10-02 20:13:55.409633',0,0,0,0);
INSERT INTO mail VALUES(168,1,4,'Seeing all attach','See All Attachments','2020-10-02 20:13:55.409633',0,0,0,0);
INSERT INTO mail VALUES(169,1,5,'Seeing all attach','See All Attachments','2020-10-02 20:13:55.409633',0,0,0,0);
INSERT INTO mail VALUES(170,1,6,'Seeing all attach','See All Attachments','2020-10-02 20:13:55.409633',0,0,0,0);
INSERT INTO mail VALUES(171,1,7,'Seeing all attach','See All Attachments','2020-10-02 20:13:55.409633',1,0,0,0);
INSERT INTO mail VALUES(172,1,8,'Seeing all attach','See All Attachments','2020-10-02 20:13:55.409633',1,0,0,0);
INSERT INTO mail VALUES(173,1,1,'With Multiple Receivers 1','On the way of solving the problem','2020-10-03 11:28:32.781138',1,1,0,1);
INSERT INTO mail VALUES(174,1,2,'With Multiple Receivers 1','On the way of solving the problem','2020-10-03 11:28:32.781138',0,1,0,1);
INSERT INTO mail VALUES(175,1,3,'With Multiple Receivers 1','On the way of solving the problem','2020-10-03 11:28:32.781138',0,1,0,1);
INSERT INTO mail VALUES(176,1,4,'With Multiple Receivers 1','On the way of solving the problem','2020-10-03 11:28:32.781138',0,1,0,1);
INSERT INTO mail VALUES(177,1,5,'With Multiple Receivers 1','On the way of solving the problem','2020-10-03 11:28:32.781138',0,1,0,1);
INSERT INTO mail VALUES(178,1,6,'With Multiple Receivers 1','On the way of solving the problem','2020-10-03 11:28:32.781138',0,1,0,1);
INSERT INTO mail VALUES(179,1,7,'With Multiple Receivers 1','On the way of solving the problem','2020-10-03 11:28:32.781138',0,1,0,1);
INSERT INTO mail VALUES(180,1,8,'With Multiple Receivers 1','On the way of solving the problem','2020-10-03 11:28:32.781138',0,1,0,1);
INSERT INTO mail VALUES(181,1,1,'Second Time Testing','Getting near step by step.','2020-10-03 11:34:00.095162',1,1,0,1);
INSERT INTO mail VALUES(182,1,2,'Second Time Testing','Getting near step by step.','2020-10-03 11:34:00.095162',0,1,0,1);
INSERT INTO mail VALUES(183,1,3,'Second Time Testing','Getting near step by step.','2020-10-03 11:34:00.095162',0,1,0,1);
INSERT INTO mail VALUES(184,1,4,'Second Time Testing','Getting near step by step.','2020-10-03 11:34:00.095162',0,1,0,1);
INSERT INTO mail VALUES(185,1,5,'Second Time Testing','Getting near step by step.','2020-10-03 11:34:00.095162',0,1,0,1);
INSERT INTO mail VALUES(186,1,6,'Second Time Testing','Getting near step by step.','2020-10-03 11:34:00.095162',0,1,0,1);
INSERT INTO mail VALUES(187,1,7,'Second Time Testing','Getting near step by step.','2020-10-03 11:34:00.095162',0,1,0,1);
INSERT INTO mail VALUES(188,1,8,'Second Time Testing','Getting near step by step.','2020-10-03 11:34:00.095162',0,1,0,1);
INSERT INTO mail VALUES(189,2,1,'Final Test in multipleSelection','It will Work','2020-10-03 12:37:31.597533',0,0,1,1);
INSERT INTO mail VALUES(190,2,2,'Final Test in multipleSelection','It will Work','2020-10-03 12:37:31.597533',0,0,0,1);
INSERT INTO mail VALUES(191,1,1,'It must appear once','Once it will appear in the outbox','2020-10-03 15:58:30.748233',1,0,1,1);
INSERT INTO mail VALUES(192,1,2,'It must appear once','Once it will appear in the outbox','2020-10-03 15:58:30.748233',0,0,0,1);
INSERT INTO mail VALUES(193,1,3,'It must appear once','Once it will appear in the outbox','2020-10-03 15:58:30.748233',0,0,0,1);
INSERT INTO mail VALUES(194,1,4,'It must appear once','Once it will appear in the outbox','2020-10-03 15:58:30.748233',0,0,0,1);
INSERT INTO mail VALUES(195,1,5,'It must appear once','Once it will appear in the outbox','2020-10-03 15:58:30.748233',0,0,0,1);
INSERT INTO mail VALUES(196,1,6,'It must appear once','Once it will appear in the outbox','2020-10-03 15:58:30.748233',0,0,0,1);
INSERT INTO mail VALUES(197,1,7,'It must appear once','Once it will appear in the outbox','2020-10-03 15:58:30.748233',0,0,0,1);
INSERT INTO mail VALUES(198,1,8,'It must appear once','Once it will appear in the outbox','2020-10-03 15:58:30.748233',1,0,0,1);
INSERT INTO mail VALUES(199,1,1,'Rolex','Rolex watches deserves this amount of money due its extraordinary way of producing it.','2020-10-03 16:01:25.467721',0,0,1,1);
INSERT INTO mail VALUES(200,1,2,'Rolex','Rolex watches deserves this amount of money due its extraordinary way of producing it.','2020-10-03 16:01:25.467721',0,0,0,1);
INSERT INTO mail VALUES(201,1,3,'Rolex','Rolex watches deserves this amount of money due its extraordinary way of producing it.','2020-10-03 16:01:25.467721',1,0,0,1);
INSERT INTO mail VALUES(202,1,4,'Rolex','Rolex watches deserves this amount of money due its extraordinary way of producing it.','2020-10-03 16:01:25.467721',0,0,0,1);
INSERT INTO mail VALUES(203,1,5,'Rolex','Rolex watches deserves this amount of money due its extraordinary way of producing it.','2020-10-03 16:01:25.467721',0,0,0,1);
INSERT INTO mail VALUES(204,1,6,'Rolex','Rolex watches deserves this amount of money due its extraordinary way of producing it.','2020-10-03 16:01:25.467721',0,0,0,1);
INSERT INTO mail VALUES(205,1,7,'Rolex','Rolex watches deserves this amount of money due its extraordinary way of producing it.','2020-10-03 16:01:25.467721',0,0,0,1);
INSERT INTO mail VALUES(206,1,8,'Rolex','Rolex watches deserves this amount of money due its extraordinary way of producing it.','2020-10-03 16:01:25.467721',1,0,0,1);
INSERT INTO mail VALUES(207,1,1,'Mado ','Hello All','2020-10-03 16:30:12.514974',1,1,1,1);
INSERT INTO mail VALUES(208,1,2,'Mado ','Hello All','2020-10-03 16:30:12.514974',0,0,0,1);
INSERT INTO mail VALUES(209,1,3,'Mado ','Hello All','2020-10-03 16:30:12.514974',1,1,1,1);
INSERT INTO mail VALUES(210,1,4,'Mado ','Hello All','2020-10-03 16:30:12.514974',0,0,0,1);
INSERT INTO mail VALUES(211,1,5,'Mado ','Hello All','2020-10-03 16:30:12.514974',1,0,0,1);
INSERT INTO mail VALUES(212,1,6,'Mado ','Hello All','2020-10-03 16:30:12.514974',0,0,0,1);
INSERT INTO mail VALUES(213,1,7,'Mado ','Hello All','2020-10-03 16:30:12.514974',1,0,0,1);
INSERT INTO mail VALUES(214,1,8,'Mado ','Hello All','2020-10-03 16:30:12.514974',0,0,0,1);
INSERT INTO mail VALUES(215,1,4,'Hey Moody','I hope you are fine','2020-10-03 16:39:16.246239',0,0,0,1);
INSERT INTO mail VALUES(216,1,1,'still sway','still','2020-10-03 22:20:02.528528',0,0,1,1);
INSERT INTO mail VALUES(217,1,2,'The Message will show Twice in all mail once','one time it will be shown','2020-10-04 12:08:23.410554',0,1,0,1);
INSERT INTO mail VALUES(218,1,3,'The Message will show Twice in all mail once','one time it will be shown','2020-10-04 12:08:23.410554',0,1,0,1);
INSERT INTO mail VALUES(219,1,4,'The Message will show Twice in all mail once','one time it will be shown','2020-10-04 12:08:23.410554',0,1,0,1);
INSERT INTO mail VALUES(220,1,5,'The Message will show Twice in all mail once','one time it will be shown','2020-10-04 12:08:23.410554',0,1,0,1);
INSERT INTO mail VALUES(221,1,6,'The Message will show Twice in all mail once','one time it will be shown','2020-10-04 12:08:23.410554',0,1,0,1);
INSERT INTO mail VALUES(222,1,7,'The Message will show Twice in all mail once','one time it will be shown','2020-10-04 12:08:23.410554',0,1,0,1);
INSERT INTO mail VALUES(223,1,8,'The Message will show Twice in all mail once','one time it will be shown','2020-10-04 12:08:23.410554',1,1,0,1);
INSERT INTO mail VALUES(224,1,2,'http://localhost:5000/compose-mail/safaa%40gmail.comhttp://localhost:5000/compose-mail/safaa%40gmail.comhttp://localhost:5000/compose-mail/safaa%40gmail.comhttp://localhost:5000/compose-mail/safaa%40gmail.com','subject shortner test','2020-10-04 12:34:05.400975',1,0,0,1);
INSERT INTO mail VALUES(225,8,1,'Check','Check after sultan escaped','2020-10-04 19:29:07.443464',1,1,1,1);
INSERT INTO mail VALUES(226,8,2,'Check','Check after sultan escaped','2020-10-04 19:29:07.443464',0,0,0,1);
INSERT INTO mail VALUES(227,8,3,'Check','Check after sultan escaped','2020-10-04 19:29:07.443464',0,0,0,1);
INSERT INTO mail VALUES(228,8,4,'Check','Check after sultan escaped','2020-10-04 19:29:07.443464',0,0,0,1);
INSERT INTO mail VALUES(229,8,5,'Check','Check after sultan escaped','2020-10-04 19:29:07.443464',0,0,0,1);
INSERT INTO mail VALUES(230,8,6,'Check','Check after sultan escaped','2020-10-04 19:29:07.443464',0,0,0,1);
INSERT INTO mail VALUES(231,8,7,'Check','Check after sultan escaped','2020-10-04 19:29:07.443464',1,0,0,1);
INSERT INTO mail VALUES(232,1,2,'Before praying','Taking my time to perfect the beat','2020-10-04 20:28:50.903687',0,0,0,1);
INSERT INTO mail VALUES(233,1,3,'Before praying','Taking my time to perfect the beat','2020-10-04 20:28:50.903687',1,0,0,1);
INSERT INTO mail VALUES(234,1,2,'not multiple receivers','Message Body','2020-10-05 16:49:29.181448',0,1,0,1);
INSERT INTO mail VALUES(235,1,3,'med','hey','2020-10-05 16:50:37.177674',0,1,0,1);
INSERT INTO mail VALUES(236,1,2,'GT','JOJ','2020-10-05 16:53:49.324172',0,0,0,0);
INSERT INTO mail VALUES(237,1,5,'hey Yo!!!','Message','2020-10-05 17:05:51.436322',0,0,0,0);
INSERT INTO mail VALUES(238,1,3,'Subject Here','Message is written here','2020-10-05 17:07:17.978843',0,1,0,1);
INSERT INTO mail VALUES(239,1,4,'Subject Here','Message is written here','2020-10-05 17:07:17.978843',1,1,0,1);
INSERT INTO mail VALUES(240,1,4,'Mail in trash','Message body','2020-10-06 01:21:23.683317',1,0,0,0);
INSERT INTO mail VALUES(241,1,3,'Hey Teha','Message body','2020-10-06 02:55:37.219144',0,1,0,0);
INSERT INTO mail VALUES(242,1,10,'It''s been a while','Been a while since the last E-mail.','2020-10-09 09:38:28.837956',1,0,0,0);
INSERT INTO mail VALUES(243,10,1,'Hey Reda','Thanks for asking on me.','2020-10-09 09:40:20.114488',1,0,0,0);
INSERT INTO mail VALUES(244,1,2,'Shoot To Thrill','ACDC','2020-10-09 22:50:09.537660',0,0,0,1);
INSERT INTO mail VALUES(245,1,3,'Shoot To Thrill','ACDC','2020-10-09 22:50:09.537660',0,0,0,1);
INSERT INTO mail VALUES(246,1,4,'Shoot To Thrill','ACDC','2020-10-09 22:50:09.537660',0,0,0,1);
INSERT INTO mail VALUES(247,1,5,'Shoot To Thrill','ACDC','2020-10-09 22:50:09.537660',0,0,0,1);
INSERT INTO mail VALUES(248,1,6,'Shoot To Thrill','ACDC','2020-10-09 22:50:09.537660',0,0,0,1);
INSERT INTO mail VALUES(249,1,7,'Shoot To Thrill','ACDC','2020-10-09 22:50:09.537660',0,0,0,1);
INSERT INTO mail VALUES(250,1,8,'Shoot To Thrill','ACDC','2020-10-09 22:50:09.537660',0,0,0,1);
INSERT INTO mail VALUES(251,1,9,'Shoot To Thrill','ACDC','2020-10-09 22:50:09.537660',0,0,0,1);
INSERT INTO mail VALUES(252,1,10,'Shoot To Thrill','ACDC','2020-10-09 22:50:09.537660',1,0,0,1);
INSERT INTO mail VALUES(253,10,7,'Ana Omar el 5wal','ana 3ars','2020-10-11 04:45:16.648819',1,0,0,1);
INSERT INTO mail VALUES(254,10,8,'Ana Omar el 5wal','ana 3ars','2020-10-11 04:45:16.648819',1,0,0,1);
INSERT INTO mail VALUES(255,1,1,'Reda To Mail','Message from subject','2020-10-14 10:37:27.361211',1,0,0,0);
INSERT INTO mail VALUES(256,1,7,'eh ya 5wl','5wl 5wl','2020-10-17 04:06:55.736369',1,0,0,0);
INSERT INTO mail VALUES(257,13,1,'First Mail with This Account','hey guys','2020-10-19 04:48:02.045943',1,0,0,1);
INSERT INTO mail VALUES(258,13,2,'First Mail with This Account','hey guys','2020-10-19 04:48:02.045943',0,0,0,1);
INSERT INTO mail VALUES(259,13,3,'First Mail with This Account','hey guys','2020-10-19 04:48:02.045943',0,0,0,1);
INSERT INTO mail VALUES(260,13,4,'First Mail with This Account','hey guys','2020-10-19 04:48:02.045943',0,0,0,1);
INSERT INTO mail VALUES(261,13,5,'First Mail with This Account','hey guys','2020-10-19 04:48:02.045943',0,0,0,1);
INSERT INTO mail VALUES(262,13,6,'First Mail with This Account','hey guys','2020-10-19 04:48:02.045943',0,0,0,1);
INSERT INTO mail VALUES(263,13,7,'First Mail with This Account','hey guys','2020-10-19 04:48:02.045943',0,0,0,1);
INSERT INTO mail VALUES(264,13,8,'First Mail with This Account','hey guys','2020-10-19 04:48:02.045943',0,0,0,1);
INSERT INTO mail VALUES(265,13,9,'First Mail with This Account','hey guys','2020-10-19 04:48:02.045943',0,0,0,1);
INSERT INTO mail VALUES(266,13,10,'First Mail with This Account','hey guys','2020-10-19 04:48:02.045943',0,0,0,1);
INSERT INTO mail VALUES(267,13,11,'First Mail with This Account','hey guys','2020-10-19 04:48:02.045943',0,0,0,1);
INSERT INTO mail VALUES(268,13,12,'First Mail with This Account','hey guys','2020-10-19 04:48:02.045943',0,0,0,1);
INSERT INTO mail VALUES(269,14,1,'Hi all from karem','Hopefully the last one','2020-10-21 14:59:02.767007',1,0,0,1);
INSERT INTO mail VALUES(270,14,2,'Hi all from karem','Hopefully the last one','2020-10-21 14:59:02.767007',0,0,0,1);
INSERT INTO mail VALUES(271,14,3,'Hi all from karem','Hopefully the last one','2020-10-21 14:59:02.767007',0,0,0,1);
INSERT INTO mail VALUES(272,14,4,'Hi all from karem','Hopefully the last one','2020-10-21 14:59:02.767007',0,0,0,1);
INSERT INTO mail VALUES(273,14,5,'Hi all from karem','Hopefully the last one','2020-10-21 14:59:02.767007',0,0,0,1);
INSERT INTO mail VALUES(274,14,6,'Hi all from karem','Hopefully the last one','2020-10-21 14:59:02.767007',0,0,0,1);
INSERT INTO mail VALUES(275,14,7,'Hi all from karem','Hopefully the last one','2020-10-21 14:59:02.767007',0,0,0,1);
INSERT INTO mail VALUES(276,14,8,'Hi all from karem','Hopefully the last one','2020-10-21 14:59:02.767007',0,0,0,1);
INSERT INTO mail VALUES(277,14,9,'Hi all from karem','Hopefully the last one','2020-10-21 14:59:02.767007',0,0,0,1);
INSERT INTO mail VALUES(278,14,10,'Hi all from karem','Hopefully the last one','2020-10-21 14:59:02.767007',0,0,0,1);
INSERT INTO mail VALUES(279,14,11,'Hi all from karem','Hopefully the last one','2020-10-21 14:59:02.767007',0,0,0,1);
INSERT INTO mail VALUES(280,14,12,'Hi all from karem','Hopefully the last one','2020-10-21 14:59:02.767007',0,0,0,1);
INSERT INTO mail VALUES(281,14,13,'Hi all from karem','Hopefully the last one','2020-10-21 14:59:02.767007',1,0,0,1);
INSERT INTO mail VALUES(282,1,3,'files','lots of files','2020-10-21 16:49:47.319020',1,0,0,0);
INSERT INTO mail VALUES(283,1,3,'new editor test',replace(replace('<p>Hi Omar,</p>\r\n<p>I am writing to inform you that there is a meeting with the VC next thursday.</p>\r\n<p>you have to prepare some things to bring with:</p>\r\n<ol>\r\n<li>Departments numbers.</li>\r\n<li>Employees working in each department.</li>\r\n<li>The Revenue that the company brings.</li>\r\n</ol>\r\n<p>The meeting will e held tommorrow don''t be late.</p>','\r',char(13)),'\n',char(10)),'2020-10-25 09:19:57.915314',1,0,0,0);
INSERT INTO mail VALUES(284,1,4,'Multi Attach','Message body','2020-10-26 06:59:30.558167',0,0,0,1);
INSERT INTO mail VALUES(285,1,0,'Multi Attach','Message body','2020-10-26 06:59:30.558167',1,0,0,1);
CREATE TABLE attachment(attachment_id INTEGER PRIMARY KEY, mail_id INTEGER NOT NULL, attachment_file TEXT NOT NULL, FOREIGN KEY(mail_id) REFERENCES mail(mail_id)ON DELETE CASCADE);
INSERT INTO attachment VALUES(1,232,'web test.xlsx');
INSERT INTO attachment VALUES(2,233,'web test.xlsx');
INSERT INTO attachment VALUES(3,232,'Curl E-book.pdf');
INSERT INTO attachment VALUES(4,233,'Curl E-book.pdf');
INSERT INTO attachment VALUES(5,253,'web test.xlsx');
INSERT INTO attachment VALUES(6,254,'web test.xlsx');
INSERT INTO attachment VALUES(7,253,'Curl E-book.pdf');
INSERT INTO attachment VALUES(8,254,'Curl E-book.pdf');
INSERT INTO attachment VALUES(9,269,'Bootstrap 4 Forms.pdf');
INSERT INTO attachment VALUES(10,270,'Bootstrap 4 Forms.pdf');
INSERT INTO attachment VALUES(11,271,'Bootstrap 4 Forms.pdf');
INSERT INTO attachment VALUES(12,272,'Bootstrap 4 Forms.pdf');
INSERT INTO attachment VALUES(13,273,'Bootstrap 4 Forms.pdf');
INSERT INTO attachment VALUES(14,274,'Bootstrap 4 Forms.pdf');
INSERT INTO attachment VALUES(15,275,'Bootstrap 4 Forms.pdf');
INSERT INTO attachment VALUES(16,276,'Bootstrap 4 Forms.pdf');
INSERT INTO attachment VALUES(17,277,'Bootstrap 4 Forms.pdf');
INSERT INTO attachment VALUES(18,278,'Bootstrap 4 Forms.pdf');
INSERT INTO attachment VALUES(19,279,'Bootstrap 4 Forms.pdf');
INSERT INTO attachment VALUES(20,280,'Bootstrap 4 Forms.pdf');
INSERT INTO attachment VALUES(21,281,'Bootstrap 4 Forms.pdf');
INSERT INTO attachment VALUES(22,282,'An Intro to Threading in Python – Real Python.pdf');
INSERT INTO attachment VALUES(23,282,'Bootstrap 4 Carousel.pdf');
INSERT INTO attachment VALUES(24,282,'Bootstrap 4 Flex.pdf');
INSERT INTO attachment VALUES(25,284,'Uploading files with a progress bar and percentage - XMLHTTPRequest.pdf');
INSERT INTO attachment VALUES(26,285,'Uploading files with a progress bar and percentage - XMLHTTPRequest.pdf');
INSERT INTO attachment VALUES(27,284,'Use a Flask Blueprint to Architect Your Applications – Real Python.pdf');
INSERT INTO attachment VALUES(28,285,'Use a Flask Blueprint to Architect Your Applications – Real Python.pdf');
CREATE TABLE unauthorize(unauthorize_id INTEGER PRIMARY KEY, user_email TEXT NOT NULL, FOREIGN KEY(user_email) REFERENCES user(user_email), UNIQUE(user_email));
CREATE TABLE admin(admin_id INTEGER PRIMARY KEY, admin_email TEXT NOT NULL, admin_password TEXT NOT NULL, admin_phone TEXT NOT NULL, UNIQUE(admin_email, admin_phone));
INSERT INTO admin VALUES(1,'omar@gmail.com','$2b$12$1WUipZFdu4xX14tcN/vo0OFKdYVTtf6w0BDMptQ.QqyXfHhjDDa2u','01065630331');
CREATE TABLE waiting_list(waiting_id INTEGER PRIMARY KEY, user_name TEXT NOT NULL, user_email TEXT NOT NULL, user_password TEXT NOT NULL, user_gender TEXT NOT NULL, user_date_of_birth TEXT NOT NULL, user_city TEXT NOT NULL, user_country TEXT NOT NULL, user_contact TEXT NOT NULL, user_account_creation_date TEXT NOT NULL);
INSERT INTO waiting_list VALUES(3,'Omar thrwat 5wal','tharwat@gmail.com','$2b$12$TIKTD25Ux1TbMtYLAIFVpewKjmm98M68f.F.bFDeHJDtA5teF4/7C','Male','2004-04-04','dubai','UAE','01555555555','2020-10-11 04:42:40.478441');
CREATE TABLE verfication_code(verfication_id INTEGER PRIMARY KEY, user_email TEXT NOT NULL, verfication_code INTEGER NOT NULL, birth_date TEXT NOT NULL);
INSERT INTO verfication_code VALUES(1,'omarredaelsayedmohamed@gmail.com',69807,'2020-10-16 05:41:30.636528');
INSERT INTO verfication_code VALUES(2,'omarredaelsayedmohamed@gmail.com',85668,'2020-10-16 05:57:08.960632');
INSERT INTO verfication_code VALUES(3,'omarredaelsayedmohamed@gmail.com',98928,'2020-10-16 05:59:14.418253');
INSERT INTO verfication_code VALUES(4,'omarredaelsayedmohamed@gmail.com',33517,'2020-10-16 05:59:33.809941');
INSERT INTO verfication_code VALUES(5,'omarredaelsayedmohamed@gmail.com',71459,'2020-10-16 06:01:26.976769');
INSERT INTO verfication_code VALUES(6,'omarredaelsayedmohamed@gmail.com',30280,'2020-10-16 06:02:44.468882');
INSERT INTO verfication_code VALUES(7,'omarredaelsayedmohamed@gmail.com',24447,'2020-10-16 06:03:52.943096');
INSERT INTO verfication_code VALUES(8,'omarredaelsayedmohamed@gmail.com',48173,'2020-10-16 06:20:56.789022');
INSERT INTO verfication_code VALUES(9,'omarredaelsayedmohamed@gmail.com',92066,'2020-10-16 06:23:48.915735');
INSERT INTO verfication_code VALUES(10,'omarredaelsayedmohamed@gmail.com',13242,'2020-10-16 06:25:52.073894');
INSERT INTO verfication_code VALUES(11,'omarredaelsayedmohamed@gmail.com',97120,'2020-10-16 06:26:05.717143');
INSERT INTO verfication_code VALUES(12,'omarredaelsayedmohamed@gmail.com',62705,'2020-10-16 08:58:13.564213');
INSERT INTO verfication_code VALUES(13,'omarredaelsayedmohamed@gmail.com',84153,'2020-10-16 09:01:38.461844');
INSERT INTO verfication_code VALUES(14,'omarredaelsayedmohamed@gmail.com',82870,'2020-10-16 09:04:42.365754');
INSERT INTO verfication_code VALUES(15,'omarredaelsayedmohamed@gmail.com',72703,'2020-10-17 04:05:20.202088');
INSERT INTO verfication_code VALUES(16,'omarredaelsayedmohamed@gmail.com',65010,'2020-10-17 08:11:22.061882');
INSERT INTO verfication_code VALUES(17,'omarredaelsayedmohamed@gmail.com',50296,'2020-10-17 08:13:35.907827');
INSERT INTO verfication_code VALUES(18,'omarredaelsayedmohamed@gmail.com',47618,'2020-10-18 04:22:51.160715');
INSERT INTO verfication_code VALUES(19,'omarredaelsayedmohamed@gmail.com',72667,'2020-10-18 04:23:29.148679');
INSERT INTO verfication_code VALUES(20,'omarredaelsayedmohamed@gmail.com',83586,'2020-10-19 04:40:18.954127');
INSERT INTO verfication_code VALUES(21,'omarredaelsayedmohamed@gmail.com',13494,'2020-10-19 04:40:27.773791');
INSERT INTO verfication_code VALUES(22,'omarredaelsayedmohamed@gmail.com',30778,'2020-10-19 04:41:42.386181');
INSERT INTO verfication_code VALUES(23,'omarredaelsayedmohamed@gmail.com',70676,'2020-10-19 04:41:46.472998');
INSERT INTO verfication_code VALUES(24,'omarredaelsayedmohamed@gmail.com',15925,'2020-10-19 04:42:36.323972');
INSERT INTO verfication_code VALUES(25,'omarredaelsayedmohamed@gmail.com',64938,'2020-10-19 04:42:36.503843');
INSERT INTO verfication_code VALUES(26,'omarredaelsayedmohamed@gmail.com',46466,'2020-10-19 04:42:51.552632');
INSERT INTO verfication_code VALUES(27,'omarredaelsayedmohamed@gmail.com',76693,'2020-10-19 04:42:51.852469');
INSERT INTO verfication_code VALUES(28,'omarredaelsayedmohamed@gmail.com',97639,'2020-10-19 04:43:40.112583');
INSERT INTO verfication_code VALUES(29,'omarredaelsayedmohamed@gmail.com',65648,'2020-10-19 04:48:41.009462');
INSERT INTO verfication_code VALUES(30,'omarredaelsayedmohamed@gmail.com',41214,'2020-10-19 09:58:31.390354');
INSERT INTO verfication_code VALUES(31,'omarredaelsayedmohamed@gmail.com',31519,'2020-10-20 09:17:11.837122');
INSERT INTO verfication_code VALUES(32,'omarredaelsayedmohamed@gmail.com',44387,'2020-10-20 09:36:38.200999');
CREATE TABLE user(user_id INTEGER PRIMARY KEY, user_name TEXT NOT NULL, user_email TEXT NOT NULL, user_password TEXT  NOT NULL, user_gender TEXT NOT NULL, user_date_of_birth TEXT NOT NULL, user_city TEXT NOT NULL, user_country TEXT NOT NULL, user_contact INTEGER, user_account_creation_date TEXT NOT NULL, user_active INTEGER DEFAULT 0 CHECK(user_active == 1 OR user_active == 0), visits INTEGER DEFAULT 0, UNIQUE(user_email));
INSERT INTO user VALUES(1,'Reda','reda@gmail.com','$2b$12$LjFCMwMFhMMU/pDrsD1BneT0JALhadvIm/ONu74Jow6sAD87hkxuK','Male','1970-02-02','Alexandria','Egypt',1066615431,'2020-09-21 06:40:25.995386',0,2);
INSERT INTO user VALUES(2,'Safaa','safaa@gmail.com','$2b$12$5wO320yp5i9J50Q.ZOgNdu0qTZCWN1VcH1rZPJFM1AwQTKXiCqftm','Female','1975-04-04','Alexandria','Egypt',1006615471,'2020-09-21 06:55:22.881296',1,0);
INSERT INTO user VALUES(3,'Medhat','medhat@gmail.com','$2b$12$o5fTzotncuVfqOJT94hnJ.iS7VrGUS8QNY8xYY8Yr4OKTfXl8QsAe','Male','1999-07-08','califorinia','America',1054784568,'2020-09-22 08:03:19.586705',0,1);
INSERT INTO user VALUES(4,'Mohamed','mohamed@gmail.com','$2b$12$3HOxvwpi6la8FrFkZbWbU.dxQRjH/GruACJJqsKqO5ycJCm.mDie.','Male','1999-11-11','Alexandria','Egypt',10283754,'2020-09-22 08:12:33.556651',0,0);
INSERT INTO user VALUES(5,'Mado','ahmed@gmail.com','$2b$12$qet99laeD5qwoiQVauZQuuqDOc3IEzwwT4BQB6wPRn9YBV2kxmARa','Male','2006-12-05','Alexandria','Egypt','019375t656','2020-09-22 08:33:04.246116',0,0);
INSERT INTO user VALUES(6,'Youssef','youssef@gmail.com','$2b$12$K2UTTx3HR/cSZl/3lERx9eRrad9E2eek40kz/0GrWxdhI.34MmT4e','Male','2006-08-08','Alexandria','Egypt',1839549674,'2020-09-22 08:44:21.568497',0,0);
INSERT INTO user VALUES(7,'Abdelhamed','abdelhamed@gmail.com','$2b$12$BDvs00cZDl/tLL/7SGCCW.yP1P.S2kaZMmhPKfJeDxqYs787dv90O','Male','2000-10-17','Alexandria','Egypt',1119021217,'2020-09-23 07:25:37.992901',0,0);
INSERT INTO user VALUES(8,'Abdelrahman','abdelrahman@gmail.com','$2b$12$uLEglb23FOKFXgNOuisx0OAefKvjP1NljUHYwGmOLk32cqrF6skV.','Male','2000-01-02','Alexandria','Egypt',1279271531,'2020-10-01 07:11:18.347844',0,0);
INSERT INTO user VALUES(9,'saif','saif@gmail.com','$2b$12$830YXtCRwRzDbgAEGKGNZeUa9xwFeRjHJszjOcJ4nhiN.ApPveNri','Male','2000-09-09','Alexandria','Egypt',1038538044,'2020-10-07 21:03:59.930063',0,0);
INSERT INTO user VALUES(10,'Ali','ali@gmail.com','$2b$12$AQ2E/y.ukuh4rxtFlIj9X.azzDHvleX2Yz.07z3P9/k8n4qNgbbAa','Male','2000-04-01','kuwait','kuwait',1975838745,'2020-10-07 21:19:22.012341',0,0);
INSERT INTO user VALUES(11,'Hesham','hesham@gmail.com','$2b$12$jBe5BYkj10pM1dOxS1Cg6.fWLYOoDuL3uCvXYimyVF/7qfroO.iUe','Male','1997-04-04','Alexandria','Egypt',1003848591,'2020-10-12 05:16:39.375449',0,0);
INSERT INTO user VALUES(12,'Adham','adham@gmail.com','$2b$12$s9wiCC.I/rBqjm/a7YjXIuxKgmcX0X2nFKOij/H59OJG//npMxCzO','Male','1999-04-04','Alexandria','Egypt',123456789,'2020-10-12 10:44:38.342865',0,0);
INSERT INTO user VALUES(13,'Omar Reda','omarredaelsayedmohamed@gmail.com','$2b$12$Sm8C4PYc9ZvMiMKsLu/fze.WzbvfXgiO0QrL2YqenGGLVx7VAWXIG','Male','2000-06-06','Alexandria','Egypt',1065630332,'2020-10-16 08:54:33.297355',0,0);
INSERT INTO user VALUES(14,'Karem','karem@gmail.com','$2b$12$E/H//f7qYf1zhWIHQvPAj.lxvpU4y6oXeHsyWq7L4jI7JDDxfLoOu','Male','2000-08-08','Alexandria','Egypt',1065630332,'2020-10-21 14:52:17.681580',0,0);
INSERT INTO user VALUES(15,'Omar','omar@gmail.com','$2b$12$1WUipZFdu4xX14tcN/vo0OFKdYVTtf6w0BDMptQ.QqyXfHhjDDa2u','other','2000-06-06','none','none','none','2020-10-21 14:52:17.681580',0,1);
COMMIT;
